"Стаття","Назва","Спеціальності","Джерело","Лікар: статус","Лікар: ПІБ і дата","Юрист: статус","Юрист: ПІБ і дата","Зауваження"
"1","Інфекційні та паразитарні хвороби","Терапевт; Невролог; Дерматовенеролог","https://zakon.rada.gov.ua/laws/show/z1109-08/ed20250822#n5980:~:text=%D0%A1%D1%82%D0%B0%D1%82%D1%82%D1%8F%201","Очікує","","Очікує","",""
"2","Туберкульоз","Терапевт; Невролог","https://zakon.rada.gov.ua/laws/show/z1109-08/ed20250822#n7476:~:text=%D0%A1%D1%82%D0%B0%D1%82%D1%82%D1%8F%202","Очікує","","Очікує","",""
"3","Інфекції, що передаються статевим шляхом","Дерматовенеролог","https://zakon.rada.gov.ua/laws/show/z1109-08/ed20250822#n6036:~:text=%D0%A1%D1%82%D0%B0%D1%82%D1%82%D1%8F%203","Очікує","","Очікує","",""
"4","Хронічні вірусні гепатити","Терапевт","https://zakon.rada.gov.ua/laws/show/z1109-08/ed20250822#n6039:~:text=%D0%A1%D1%82%D0%B0%D1%82%D1%82%D1%8F%204","Очікує","","Очікує","",""
"5","Хвороба, зумовлена ВІЛ","Терапевт; Дерматовенеролог","https://zakon.rada.gov.ua/laws/show/z1109-08/ed20250822#n6053:~:text=%D0%A1%D1%82%D0%B0%D1%82%D1%82%D1%8F%205","Очікує","","Очікує","",""
"6","Мікози та дерматофітії","Дерматовенеролог","https://zakon.rada.gov.ua/laws/show/z1109-08/ed20250822#n6070:~:text=%D0%A1%D1%82%D0%B0%D1%82%D1%82%D1%8F%206","Очікує","","Очікує","",""
"7","Стани після інфекційних та паразитарних хвороб","Терапевт","https://zakon.rada.gov.ua/laws/show/z1109-08/ed20250822#n6071:~:text=%D0%A1%D1%82%D0%B0%D1%82%D1%82%D1%8F%207","Очікує","","Очікує","",""
"8","Злоякісні новоутворення","Терапевт; Хірург; Невролог; Офтальмолог; Отоларинголог; Стоматолог; Дерматовенеролог","https://zakon.rada.gov.ua/laws/show/z1109-08/ed20250822#n6076:~:text=%D0%A1%D1%82%D0%B0%D1%82%D1%82%D1%8F%208","Очікує","","Очікує","",""
"9","Злоякісні новоутворення кровотворної системи","Терапевт","https://zakon.rada.gov.ua/laws/show/z1109-08/ed20250822#n6095:~:text=%D0%A1%D1%82%D0%B0%D1%82%D1%82%D1%8F%209","Очікує","","Очікує","",""
"10","Доброякісні новоутворення","Терапевт; Хірург; Невролог; Офтальмолог; Отоларинголог; Стоматолог; Дерматовенеролог","https://zakon.rada.gov.ua/laws/show/z1109-08/ed20250822#n6110:~:text=%D0%A1%D1%82%D0%B0%D1%82%D1%82%D1%8F%2010","Очікує","","Очікує","",""
"11","Стани після лікування новоутворень","Терапевт; Хірург; Невролог; Офтальмолог; Отоларинголог; Стоматолог; Дерматовенеролог","https://zakon.rada.gov.ua/laws/show/z1109-08/ed20250822#n6150:~:text=%D0%A1%D1%82%D0%B0%D1%82%D1%82%D1%8F%2011","Очікує","","Очікує","",""
"12","Хвороби крові та імунні порушення","Терапевт","https://zakon.rada.gov.ua/laws/show/z1109-08/ed20250822#n6154:~:text=%D0%A1%D1%82%D0%B0%D1%82%D1%82%D1%8F%2012","Очікує","","Очікує","",""
"13","Хвороби ендокринної системи й обміну речовин","Терапевт","https://zakon.rada.gov.ua/laws/show/z1109-08/ed20250822#n6197:~:text=%D0%A1%D1%82%D0%B0%D1%82%D1%82%D1%8F%2013","Очікує","","Очікує","",""
"14","Органічні та симптоматичні психічні розлади","Психіатр","https://zakon.rada.gov.ua/laws/show/z1109-08/ed20250822#n6242:~:text=%D0%A1%D1%82%D0%B0%D1%82%D1%82%D1%8F%2014","Очікує","","Очікує","",""
"15","Розлади через вживання психоактивних речовин","Психіатр; Дерматовенеролог","https://zakon.rada.gov.ua/laws/show/z1109-08/ed20250822#n6248:~:text=%D0%A1%D1%82%D0%B0%D1%82%D1%82%D1%8F%2015","Очікує","","Очікує","",""
"16","Ендогенні психози та розлади настрою","Психіатр","https://zakon.rada.gov.ua/laws/show/z1109-08/ed20250822#n6253:~:text=%D0%A1%D1%82%D0%B0%D1%82%D1%82%D1%8F%2016","Очікує","","Очікує","",""
"17","Невротичні, стресові й соматоформні розлади","Психіатр","https://zakon.rada.gov.ua/laws/show/z1109-08/ed20250822#n6257:~:text=%D0%A1%D1%82%D0%B0%D1%82%D1%82%D1%8F%2017","Очікує","","Очікує","",""
"18","Розлади особистості, поведінки та розвитку","Психіатр","https://zakon.rada.gov.ua/laws/show/z1109-08/ed20250822#n6262:~:text=%D0%A1%D1%82%D0%B0%D1%82%D1%82%D1%8F%2018","Очікує","","Очікує","",""
"19","Розумова відсталість","Психіатр","https://zakon.rada.gov.ua/laws/show/z1109-08/ed20250822#n6266:~:text=%D0%A1%D1%82%D0%B0%D1%82%D1%82%D1%8F%2019","Очікує","","Очікує","",""
"20","Запальні хвороби центральної нервової системи","Невролог","https://zakon.rada.gov.ua/laws/show/z1109-08/ed20250822#n6270:~:text=%D0%A1%D1%82%D0%B0%D1%82%D1%82%D1%8F%2020","Очікує","","Очікує","",""
"21","Хвороби центральної нервової системи","Невролог","https://zakon.rada.gov.ua/laws/show/z1109-08/ed20250822#n6279:~:text=%D0%A1%D1%82%D0%B0%D1%82%D1%82%D1%8F%2021","Очікує","","Очікує","",""
"22","Епізодичні та пароксизмальні розлади","Невролог","https://zakon.rada.gov.ua/laws/show/z1109-08/ed20250822#n6283:~:text=%D0%A1%D1%82%D0%B0%D1%82%D1%82%D1%8F%2022","Очікує","","Очікує","",""
"23","Хвороби периферичної нервової системи","Невролог","https://zakon.rada.gov.ua/laws/show/z1109-08/ed20250822#n6295:~:text=%D0%A1%D1%82%D0%B0%D1%82%D1%82%D1%8F%2023","Очікує","","Очікує","",""
"24","Стани після гострих хвороб нервової системи","Невролог; Психіатр","https://zakon.rada.gov.ua/laws/show/z1109-08/ed20250822#n6302:~:text=%D0%A1%D1%82%D0%B0%D1%82%D1%82%D1%8F%2024","Очікує","","Очікує","",""
"25","Хвороби повік, сльозового апарату, орбіти й кон’юнктиви","Офтальмолог","https://zakon.rada.gov.ua/laws/show/z1109-08/ed20250822#n6309:~:text=%D0%A1%D1%82%D0%B0%D1%82%D1%82%D1%8F%2025","Очікує","","Очікує","",""
"26","Хвороби внутрішніх структур ока та зорового нерва","Офтальмолог","https://zakon.rada.gov.ua/laws/show/z1109-08/ed20250822#n6329:~:text=%D0%A1%D1%82%D0%B0%D1%82%D1%82%D1%8F%2026","Очікує","","Очікує","",""
"27","Відшарування та розрив сітківки","Офтальмолог","https://zakon.rada.gov.ua/laws/show/z1109-08/ed20250822#n6357:~:text=%D0%A1%D1%82%D0%B0%D1%82%D1%82%D1%8F%2027","Очікує","","Очікує","",""
"28","Глаукома","Офтальмолог","https://zakon.rada.gov.ua/laws/show/z1109-08/ed20250822#n6359:~:text=%D0%A1%D1%82%D0%B0%D1%82%D1%82%D1%8F%2028","Очікує","","Очікує","",""
"29","Хвороби м’язів ока та косоокість","Офтальмолог","https://zakon.rada.gov.ua/laws/show/z1109-08/ed20250822#n6360:~:text=%D0%A1%D1%82%D0%B0%D1%82%D1%82%D1%8F%2029","Очікує","","Очікує","",""
"30","Порушення рефракції та акомодації","Офтальмолог","https://zakon.rada.gov.ua/laws/show/z1109-08/ed20250822#n6364:~:text=%D0%A1%D1%82%D0%B0%D1%82%D1%82%D1%8F%2030","Очікує","","Очікує","",""
"31","Розлади зору та сліпота","Офтальмолог","https://zakon.rada.gov.ua/laws/show/z1109-08/ed20250822#n6366:~:text=%D0%A1%D1%82%D0%B0%D1%82%D1%82%D1%8F%2031","Очікує","","Очікує","",""
"32","Стани після хвороб або операцій на оці","Офтальмолог; Хірург","https://zakon.rada.gov.ua/laws/show/z1109-08/ed20250822#n6371:~:text=%D0%A1%D1%82%D0%B0%D1%82%D1%82%D1%8F%2032","Очікує","","Очікує","",""
"33","Хвороби зовнішнього вуха","Отоларинголог","https://zakon.rada.gov.ua/laws/show/z1109-08/ed20250822#n6373:~:text=%D0%A1%D1%82%D0%B0%D1%82%D1%82%D1%8F%2033","Очікує","","Очікує","",""
"34","Хвороби середнього вуха й соскоподібного відростка","Отоларинголог","https://zakon.rada.gov.ua/laws/show/z1109-08/ed20250822#n6374:~:text=%D0%A1%D1%82%D0%B0%D1%82%D1%82%D1%8F%2034","Очікує","","Очікує","",""
"35","Хвороби внутрішнього вуха та вестибулярні розлади","Отоларинголог; Невролог","https://zakon.rada.gov.ua/laws/show/z1109-08/ed20250822#n6379:~:text=%D0%A1%D1%82%D0%B0%D1%82%D1%82%D1%8F%2035","Очікує","","Очікує","",""
"36","Приглухуватість і втрата слуху","Отоларинголог","https://zakon.rada.gov.ua/laws/show/z1109-08/ed20250822#n6405:~:text=%D0%A1%D1%82%D0%B0%D1%82%D1%82%D1%8F%2036","Очікує","","Очікує","",""
"37","Стани після хвороб або операцій на вусі","Отоларинголог; Хірург","https://zakon.rada.gov.ua/laws/show/z1109-08/ed20250822#n6422:~:text=%D0%A1%D1%82%D0%B0%D1%82%D1%82%D1%8F%2037","Очікує","","Очікує","",""
"38","Некоронарогенні хвороби серця","Терапевт; Хірург","https://zakon.rada.gov.ua/laws/show/z1109-08/ed20250822#n6424:~:text=%D0%A1%D1%82%D0%B0%D1%82%D1%82%D1%8F%2038","Очікує","","Очікує","",""
"39","Хвороби з підвищеним артеріальним тиском","Терапевт","https://zakon.rada.gov.ua/laws/show/z1109-08/ed20250822#n6523:~:text=%D0%A1%D1%82%D0%B0%D1%82%D1%82%D1%8F%2039","Очікує","","Очікує","",""
"40","Ішемічна хвороба серця","Терапевт; Хірург","https://zakon.rada.gov.ua/laws/show/z1109-08/ed20250822#n6556:~:text=%D0%A1%D1%82%D0%B0%D1%82%D1%82%D1%8F%2040","Очікує","","Очікує","",""
"41","Цереброваскулярні хвороби","Терапевт; Невролог","https://zakon.rada.gov.ua/laws/show/z1109-08/ed20250822#n6610:~:text=%D0%A1%D1%82%D0%B0%D1%82%D1%82%D1%8F%2041","Очікує","","Очікує","",""
"42","Хвороби артерій, вен і лімфатичних судин","Терапевт; Хірург","https://zakon.rada.gov.ua/laws/show/z1109-08/ed20250822#n6623:~:text=%D0%A1%D1%82%D0%B0%D1%82%D1%82%D1%8F%2042","Очікує","","Очікує","",""
"43","Геморой","Хірург","https://zakon.rada.gov.ua/laws/show/z1109-08/ed20250822#n6647:~:text=%D0%A1%D1%82%D0%B0%D1%82%D1%82%D1%8F%2043","Очікує","","Очікує","",""
"44","Стани після хвороб системи кровообігу","Терапевт; Хірург","https://zakon.rada.gov.ua/laws/show/z1109-08/ed20250822#n6648:~:text=%D0%A1%D1%82%D0%B0%D1%82%D1%82%D1%8F%2044","Очікує","","Очікує","",""
"45","Хвороби верхніх дихальних шляхів","Отоларинголог; Терапевт","https://zakon.rada.gov.ua/laws/show/z1109-08/ed20250822#n6653:~:text=%D0%A1%D1%82%D0%B0%D1%82%D1%82%D1%8F%2045","Очікує","","Очікує","",""
"46","Хронічні хвороби нижніх дихальних шляхів і легень","Терапевт; Хірург","https://zakon.rada.gov.ua/laws/show/z1109-08/ed20250822#n6668:~:text=%D0%A1%D1%82%D0%B0%D1%82%D1%82%D1%8F%2046","Очікує","","Очікує","",""
"47","Бронхіальна астма","Терапевт","https://zakon.rada.gov.ua/laws/show/z1109-08/ed20250822#n6683:~:text=%D0%A1%D1%82%D0%B0%D1%82%D1%82%D1%8F%2047","Очікує","","Очікує","",""
"48","Стани після хвороб органів дихання","Терапевт; Хірург; Отоларинголог","https://zakon.rada.gov.ua/laws/show/z1109-08/ed20250822#n6702:~:text=%D0%A1%D1%82%D0%B0%D1%82%D1%82%D1%8F%2048","Очікує","","Очікує","",""
"49","Хвороби порожнини рота, слинних залоз та щелеп","Стоматолог","https://zakon.rada.gov.ua/laws/show/z1109-08/ed20250822#n6705:~:text=%D0%A1%D1%82%D0%B0%D1%82%D1%82%D1%8F%2049","Очікує","","Очікує","",""
"50","Гінгівіт і хвороби пародонту","Стоматолог","https://zakon.rada.gov.ua/laws/show/z1109-08/ed20250822#n6706:~:text=%D0%A1%D1%82%D0%B0%D1%82%D1%82%D1%8F%2050","Очікує","","Очікує","",""
"51","Щелепно-лицьові аномалії","Стоматолог","https://zakon.rada.gov.ua/laws/show/z1109-08/ed20250822#n6710:~:text=%D0%A1%D1%82%D0%B0%D1%82%D1%82%D1%8F%2051","Очікує","","Очікує","",""
"52","Хвороби стравоходу, шлунка та кишечнику","Терапевт; Хірург","https://zakon.rada.gov.ua/laws/show/z1109-08/ed20250822#n6725:~:text=%D0%A1%D1%82%D0%B0%D1%82%D1%82%D1%8F%2052","Очікує","","Очікує","",""
"53","Виразкова хвороба","Терапевт; Хірург","https://zakon.rada.gov.ua/laws/show/z1109-08/ed20250822#n6757:~:text=%D0%A1%D1%82%D0%B0%D1%82%D1%82%D1%8F%2053","Очікує","","Очікує","",""
"54","Хвороби печінки, жовчних шляхів і підшлункової залози","Терапевт; Хірург","https://zakon.rada.gov.ua/laws/show/z1109-08/ed20250822#n6777:~:text=%D0%A1%D1%82%D0%B0%D1%82%D1%82%D1%8F%2054","Очікує","","Очікує","",""
"55","Грижі","Хірург","https://zakon.rada.gov.ua/laws/show/z1109-08/ed20250822#n6798:~:text=%D0%A1%D1%82%D0%B0%D1%82%D1%82%D1%8F%2055","Очікує","","Очікує","",""
"56","Стани після хвороб органів травлення","Терапевт; Хірург; Стоматолог","https://zakon.rada.gov.ua/laws/show/z1109-08/ed20250822#n6812:~:text=%D0%A1%D1%82%D0%B0%D1%82%D1%82%D1%8F%2056","Очікує","","Очікує","",""
"57","Інфекційні, бульозні та запальні хвороби шкіри","Дерматовенеролог","https://zakon.rada.gov.ua/laws/show/z1109-08/ed20250822#n6816:~:text=%D0%A1%D1%82%D0%B0%D1%82%D1%82%D1%8F%2057","Очікує","","Очікує","",""
"58","Інші хвороби шкіри та її придатків","Дерматовенеролог","https://zakon.rada.gov.ua/laws/show/z1109-08/ed20250822#n6821:~:text=%D0%A1%D1%82%D0%B0%D1%82%D1%82%D1%8F%2058","Очікує","","Очікує","",""
"59","Стани після гострих хвороб шкіри","Дерматовенеролог","https://zakon.rada.gov.ua/laws/show/z1109-08/ed20250822#n6825:~:text=%D0%A1%D1%82%D0%B0%D1%82%D1%82%D1%8F%2059","Очікує","","Очікує","",""
"60","Запальні артропатії та системні хвороби сполучної тканини","Терапевт; Хірург; Дерматовенеролог","https://zakon.rada.gov.ua/laws/show/z1109-08/ed20250822#n6828:~:text=%D0%A1%D1%82%D0%B0%D1%82%D1%82%D1%8F%2060","Очікує","","Очікує","",""
"61","Артрози, хвороби м’яких тканин, остеопатії","Хірург","https://zakon.rada.gov.ua/laws/show/z1109-08/ed20250822#n6836:~:text=%D0%A1%D1%82%D0%B0%D1%82%D1%82%D1%8F%2061","Очікує","","Очікує","",""
"62","Набуті деформації та дефекти кінцівок","Хірург","https://zakon.rada.gov.ua/laws/show/z1109-08/ed20250822#n6869:~:text=%D0%A1%D1%82%D0%B0%D1%82%D1%82%D1%8F%2062","Очікує","","Очікує","",""
"63","Відсутність кінцівки","Хірург","https://zakon.rada.gov.ua/laws/show/z1109-08/ed20250822#n6909:~:text=%D0%A1%D1%82%D0%B0%D1%82%D1%82%D1%8F%2063","Очікує","","Очікує","",""
"64","Хвороби хребта та їх наслідки","Хірург; Невролог","https://zakon.rada.gov.ua/laws/show/z1109-08/ed20250822#n6911:~:text=%D0%A1%D1%82%D0%B0%D1%82%D1%82%D1%8F%2064","Очікує","","Очікує","",""
"65","Стани після хвороб кістково-м’язової системи","Хірург; Невролог; Терапевт","https://zakon.rada.gov.ua/laws/show/z1109-08/ed20250822#n6941:~:text=%D0%A1%D1%82%D0%B0%D1%82%D1%82%D1%8F%2065","Очікує","","Очікує","",""
"66","Хвороби нирок","Терапевт; Хірург","https://zakon.rada.gov.ua/laws/show/z1109-08/ed20250822#n6944:~:text=%D0%A1%D1%82%D0%B0%D1%82%D1%82%D1%8F%2066","Очікує","","Очікує","",""
"67","Хвороби сечовивідної системи","Терапевт; Хірург","https://zakon.rada.gov.ua/laws/show/z1109-08/ed20250822#n6964:~:text=%D0%A1%D1%82%D0%B0%D1%82%D1%82%D1%8F%2067","Очікує","","Очікує","",""
"68","Хвороби чоловічих статевих органів","Хірург","https://zakon.rada.gov.ua/laws/show/z1109-08/ed20250822#n6991:~:text=%D0%A1%D1%82%D0%B0%D1%82%D1%82%D1%8F%2068","Очікує","","Очікує","",""
"69","Хвороби молочної залози","Хірург; Терапевт","https://zakon.rada.gov.ua/laws/show/z1109-08/ed20250822#n7005:~:text=%D0%A1%D1%82%D0%B0%D1%82%D1%82%D1%8F%2069","Очікує","","Очікує","",""
"70","Запальні хвороби жіночих тазових органів","Хірург","https://zakon.rada.gov.ua/laws/show/z1109-08/ed20250822#n7016:~:text=%D0%A1%D1%82%D0%B0%D1%82%D1%82%D1%8F%2070","Очікує","","Очікує","",""
"71","Незапальні хвороби жіночих статевих органів","Хірург","https://zakon.rada.gov.ua/laws/show/z1109-08/ed20250822#n7020:~:text=%D0%A1%D1%82%D0%B0%D1%82%D1%82%D1%8F%2071","Очікує","","Очікує","",""
"72","Стани після хвороб сечостатевої системи","Терапевт; Хірург","https://zakon.rada.gov.ua/laws/show/z1109-08/ed20250822#n7040:~:text=%D0%A1%D1%82%D0%B0%D1%82%D1%82%D1%8F%2072","Очікує","","Очікує","",""
"73","Вагітність, пологи та післяпологовий період","Терапевт; Хірург","https://zakon.rada.gov.ua/laws/show/z1109-08/ed20250822#n7044:~:text=%D0%A1%D1%82%D0%B0%D1%82%D1%82%D1%8F%2073","Очікує","","Очікує","",""
"74","Вроджені вади розвитку та хромосомні аномалії","Терапевт; Хірург; Невролог; Офтальмолог; Отоларинголог; Стоматолог; Дерматовенеролог","https://zakon.rada.gov.ua/laws/show/z1109-08/ed20250822#n7048:~:text=%D0%A1%D1%82%D0%B0%D1%82%D1%82%D1%8F%2074","Очікує","","Очікує","",""
"75","Травми голови та шиї","Хірург; Невролог; Психіатр; Офтальмолог; Отоларинголог; Стоматолог","https://zakon.rada.gov.ua/laws/show/z1109-08/ed20250822#n7089:~:text=%D0%A1%D1%82%D0%B0%D1%82%D1%82%D1%8F%2075","Очікує","","Очікує","",""
"76","Травми хребта і спинного мозку","Хірург; Невролог","https://zakon.rada.gov.ua/laws/show/z1109-08/ed20250822#n7133:~:text=%D0%A1%D1%82%D0%B0%D1%82%D1%82%D1%8F%2076","Очікує","","Очікує","",""
"77","Травми внутрішніх органів і політравма","Хірург; Терапевт","https://zakon.rada.gov.ua/laws/show/z1109-08/ed20250822#n7157:~:text=%D0%A1%D1%82%D0%B0%D1%82%D1%82%D1%8F%2077","Очікує","","Очікує","",""
"78","Травми кінцівок, ребер і таза","Хірург","https://zakon.rada.gov.ua/laws/show/z1109-08/ed20250822#n7183:~:text=%D0%A1%D1%82%D0%B0%D1%82%D1%82%D1%8F%2078","Очікує","","Очікує","",""
"79","Опіки, відмороження та дія зовнішніх чинників","Хірург; Терапевт; Отоларинголог; Дерматовенеролог","https://zakon.rada.gov.ua/laws/show/z1109-08/ed20250822#n7203:~:text=%D0%A1%D1%82%D0%B0%D1%82%D1%82%D1%8F%2079","Очікує","","Очікує","",""
"80","Отруєння і токсична дія речовин","Терапевт; Хірург; Психіатр; Дерматовенеролог","https://zakon.rada.gov.ua/laws/show/z1109-08/ed20250822#n7242:~:text=%D0%A1%D1%82%D0%B0%D1%82%D1%82%D1%8F%2080","Очікує","","Очікує","",""
"81","Стани після травм та отруєнь","Терапевт; Хірург; Невролог; Психіатр; Офтальмолог; Отоларинголог; Стоматолог; Дерматовенеролог","https://zakon.rada.gov.ua/laws/show/z1109-08/ed20250822#n7252:~:text=%D0%A1%D1%82%D0%B0%D1%82%D1%82%D1%8F%2081","Очікує","","Очікує","",""
"82","Недостатній фізичний розвиток","Терапевт","https://zakon.rada.gov.ua/laws/show/z1109-08/ed20250822#n7261:~:text=%D0%A1%D1%82%D0%B0%D1%82%D1%82%D1%8F%2082","Очікує","","Очікує","",""
"83","Розлади вегетативної нервової системи","Невролог","https://zakon.rada.gov.ua/laws/show/z1109-08/ed20250822#n7264:~:text=%D0%A1%D1%82%D0%B0%D1%82%D1%82%D1%8F%2083","Очікує","","Очікує","",""
"84","Ангіотрофоневроз кінцівок","Невролог","https://zakon.rada.gov.ua/laws/show/z1109-08/ed20250822#n7271:~:text=%D0%A1%D1%82%D0%B0%D1%82%D1%82%D1%8F%2084","Очікує","","Очікує","",""
"85","Заїкання із захлинанням","Психіатр; Отоларинголог","https://zakon.rada.gov.ua/laws/show/z1109-08/ed20250822#n7274:~:text=%D0%A1%D1%82%D0%B0%D1%82%D1%82%D1%8F%2085","Очікує","","Очікує","",""
"86","Неорганічний енурез","Психіатр","https://zakon.rada.gov.ua/laws/show/z1109-08/ed20250822#n7282:~:text=%D0%A1%D1%82%D0%B0%D1%82%D1%82%D1%8F%2086","Очікує","","Очікує","",""
"87","Стани після трансплантації органу","Терапевт; Хірург; Невролог","https://zakon.rada.gov.ua/laws/show/z1109-08/ed20250822#n1523:~:text=%D0%A1%D1%82%D0%B0%D1%82%D1%82%D1%8F%2087","Очікує","","Очікує","",""